"Timestamp","Username","Morgan student or not ","AGE ","Give a reason why you took/taking math 331 if have not taken put NA ","YOUR MAJOR ","DO YOU LOVE THE CLASS ","WOULD YOU TAKE IT AGAIN MAYBE AS AN ELECTIVE? ","WOULD YOU TAKE IT AGAIN IF IT WAS NOT REQUIRED? ",""
"2022/04/07 1:30:42 PM AST","","Perry Bennett","20","It is part of my degree path.","Computer Science","This has been my favorite class in college.","I would not.","No I would not","Im taking stats as part of a requirment for my degree."
"2022/04/07 8:04:41 PM AST","","Shane ","19","I had to take it ","Computer Science ","no ","no ","no ","To complete my CS degree "
"2022/04/09 7:55:54 PM AST","","Brooke Price","25","^","Electrical and Computer Engineering ","No","No","No","To write more detailed reports and use different statistical phenomena to present data. "
"2022/04/11 10:58:10 AM AST","cabro12@morgan.edu","Morgan student","26","Had to take math 331 for course requirement.","computer science","no","no","no",""
"2022/04/11 1:59:38 PM AST","decor4@morgan.edu","Yes","23","NA","Journalism","No","No","No ",""
"2022/04/11 3:39:05 PM AST","jobro48@morgan.edu","Yes","20","N/A","Multimedia journalism ","N/A","N/A","N/A",""
"2022/04/11 9:59:19 PM AST","bolaalade@ymail.com","no","55","required","psychology","yes","yes","yes",""
"2022/04/12 5:51:05 AM AST","radwan.shushane@morgan.edu","No","39","NA","NA","Never taken.","Not considering.","Not considering.",""
"2022/04/12 10:16:26 AM AST","mimer2@morgan.edu","Yes","19","Na","Engineering physics","It’a a pretty good class ","No","No",""
"2022/04/12 4:28:33 PM AST","allab1@morgan.edu","Morgan student","21","NA","INSS","NA","NA","NA",""
"2022/04/12 10:30:34 PM AST","mymer1@morgan.edu","yes","19","NA","Engineering physics","yes","yes","yes",""
"2022/04/13 10:14:17 AM AST","romario.foko@morgan.edu","No","Prefer not to say","Never took Math 331","Maths","N/A","Not needed right now","Not needed right now",""
"2022/04/13 1:25:02 PM AST","albel13@morgan.edu","Yes","21","It’s required for my major ","Actuarial Science ","Yes","No","No",""
"2022/04/15 6:48:47 PM AST","Whitt4401@gmail.com","Student","61","Student asked me to","Journalism","Yes","Yes","Yes",""
"2022/04/19 1:53:49 PM AST","jamer9@morgan.edu","Morgan student ","19","NA","Biology ","Not really ","No","No ",""
"2022/04/19 1:58:18 PM AST","ragol2@morgan.edu","Yes","19","NA","Graphic design ","Yes","No","Yes ",""
"2022/04/19 2:02:29 PM AST","magba1@morgan.edu","yes","21","NA","Biology","No","No","No",""
"2022/04/19 3:19:36 PM AST","amchi3@morgan.edu","Yes I am a Morgan student ","21","It was part of my upper class elective maths ","Mathematics ","Yes, I was able to use SAS application ","Nope ","Nope ",""
"2022/04/19 3:22:49 PM AST","marcusiw1118@gmail.com","Yes","18","NA","Electrical Engineering","NA","NA","NA",""
"2022/04/19 4:02:01 PM AST","ninabaker2015@gmail.com","Not","56","N/A","Geriatrics Nursing ","Yes","No","No",""
"2022/04/20 11:17:23 PM AST","mawal26@morgan.edu","Morgan Student","21","N/A","Multi-platform production","N/A","NO","no",""
"2022/04/21 12:17:54 AM AST","prnwo2@morgan.edu","I am a Morgan student","18","NA","Nursing","Yes","Yes","No",""
"2022/04/25 12:21:03 PM AST","raala8@morgan.edu","Yes ","22","Na","Computer science ","No","Yes","No",""
"2022/04/25 4:11:45 PM AST","deeze2@morgan.edu","yes","21","for credit ","computer science","no","no","no",""